timestamp,cycle,symbol,timeframe,session,decision,confidence,entry,sl,tp1,tp2,lot,rr_ratio,risk_usd,reason,close_time,close_price,result,pnl_usd,pnl_pips,lesson
2026-07-14T10:44:31+00:00,1,EURUSD,15m,London,NO TRADE,0.0,1.13936,,,,0.0,0.0,0.0,Signal is NO TRADE — no trade,,,,0.0,0.0,
2026-07-14T10:45:14+00:00,2,GBPUSD,15m,London,NO TRADE,0.0,1.33774,,,,0.0,0.0,0.0,Signal is NO TRADE — no trade,,,,0.0,0.0,
2026-07-14T10:45:55+00:00,3,USDJPY,15m,London,NO TRADE,0.0,162.246,,,,0.0,0.0,0.0,Signal is NO TRADE — no trade,,,,0.0,0.0,
2026-07-14T10:46:34+00:00,4,AUDUSD,15m,London,NO TRADE,0.0,0.6943,,,,0.0,0.0,0.0,Signal is NO TRADE — no trade,,,,0.0,0.0,
2026-07-14T10:47:11+00:00,5,USDCAD,15m,London,NO TRADE,0.0,1.40987,,,,0.0,0.0,0.0,Signal is NO TRADE — no trade,,,,0.0,0.0,
2026-07-14T10:47:47+00:00,6,XAUUSD,15m,London,NO TRADE,0.0,4020.13,,,,0.0,0.0,0.0,Signal is NO TRADE — no trade,,,,0.0,0.0,
2026-07-14T10:48:41+00:00,7,USDCHF,15m,London,NO TRADE,0.0,0.8126,,,,0.0,0.0,0.0,Signal is NO TRADE — no trade,,,,0.0,0.0,
2026-07-14T10:49:21+00:00,8,NZDUSD,15m,London,NO TRADE,0.0,0.57988,,,,0.0,0.0,0.0,Signal is NO TRADE — no trade,,,,0.0,0.0,
2026-07-14T10:50:16+00:00,9,EURGBP,15m,London,NO TRADE,0.0,0.85194,,,,0.0,0.0,0.0,Signal is NO TRADE — no trade,,,,0.0,0.0,
2026-07-14T10:51:15+00:00,10,EURJPY,15m,London,NO TRADE,0.0,184.875,,,,0.0,0.0,0.0,Signal is NO TRADE — no trade,,,,0.0,0.0,
2026-07-14T10:52:18+00:00,11,EURCHF,15m,London,NO TRADE,0.0,0.92599,,,,0.0,0.0,0.0,Signal is NO TRADE — no trade,,,,0.0,0.0,
2026-07-14T10:53:10+00:00,12,EURAUD,15m,London,NO TRADE,0.0,1.64132,,,,0.0,0.0,0.0,Signal is NO TRADE — no trade,,,,0.0,0.0,
2026-07-14T10:54:16+00:00,13,EURUSD,15m,London,NO TRADE,0.0,1.13943,,,,0.0,0.0,0.0,Signal is NO TRADE — no trade,,,,0.0,0.0,
2026-07-14T10:55:07+00:00,14,GBPUSD,15m,London,NO TRADE,0.0,1.33752,,,,0.0,0.0,0.0,Signal is NO TRADE — no trade,,,,0.0,0.0,
2026-07-14T10:55:49+00:00,15,USDJPY,15m,London,NO TRADE,0.0,162.245,,,,0.0,0.0,0.0,Signal is NO TRADE — no trade,,,,0.0,0.0,
2026-07-14T11:19:37+00:00,1,EURUSD,15m,London,NO TRADE,0.0,1.13933,,,,0.0,0.0,0.0,Signal is NO TRADE — no trade,,,,0.0,0.0,
2026-07-14T11:20:28+00:00,2,GBPUSD,15m,London,NO TRADE,0.0,1.33727,,,,0.0,0.0,0.0,Signal is NO TRADE — no trade,,,,0.0,0.0,
2026-07-14T11:21:24+00:00,3,USDJPY,15m,London,NO TRADE,0.0,162.249,,,,0.0,0.0,0.0,Signal is NO TRADE — no trade,,,,0.0,0.0,
2026-07-14T11:22:27+00:00,4,AUDUSD,15m,London,NO TRADE,0.0,0.69404,,,,0.0,0.0,0.0,Signal is NO TRADE — no trade,,,,0.0,0.0,
2026-07-14T11:23:29+00:00,5,USDCAD,15m,London,NO TRADE,0.0,1.41135,,,,0.0,0.0,0.0,Signal is NO TRADE — no trade,,,,0.0,0.0,
2026-07-14T11:25:49+00:00,6,XAUUSD,15m,London,NO TRADE,0.0,4024.34,,,,0.0,0.0,0.0,Signal is NO TRADE — no trade,,,,0.0,0.0,
2026-07-14T11:27:41+00:00,7,USDCHF,15m,London,NO TRADE,0.0,0.81232,,,,0.0,0.0,0.0,Signal is NO TRADE — no trade,,,,0.0,0.0,
2026-07-14T12:22:32+00:00,1,EURUSD,15m,London Ny Overlap/London/New York,NO TRADE,0.0,1.14078,,,,0.0,0.0,0.0,Signal is NO TRADE — no trade,,,,0.0,0.0,
2026-07-14T12:23:39+00:00,2,GBPUSD,15m,London Ny Overlap/London/New York,NO TRADE,0.0,1.33871,,,,0.0,0.0,0.0,Signal is NO TRADE — no trade,,,,0.0,0.0,
2026-07-14T12:24:36+00:00,3,USDJPY,15m,London Ny Overlap/London/New York,NO TRADE,0.0,162.207,,,,0.0,0.0,0.0,Signal is NO TRADE — no trade,,,,0.0,0.0,
2026-07-14T12:25:27+00:00,4,AUDUSD,15m,London Ny Overlap/London/New York,NO TRADE,0.0,0.69464,,,,0.0,0.0,0.0,Signal is NO TRADE — no trade,,,,0.0,0.0,
2026-07-14T12:26:43+00:00,5,USDCAD,15m,London Ny Overlap/London/New York,NO TRADE,0.0,1.40988,,,,0.0,0.0,0.0,Signal is NO TRADE — no trade,,,,0.0,0.0,
2026-07-14T12:33:11+00:00,1,EURUSD,15m,London Ny Overlap/London/New York,NO TRADE,0.0,1.14542,,,,0.0,0.0,0.0,Signal is NO TRADE — no trade,,,,0.0,0.0,
2026-07-14T12:34:24+00:00,2,GBPUSD,15m,London Ny Overlap/London/New York,NO TRADE,0.0,1.3429,,,,0.0,0.0,0.0,Signal is NO TRADE — no trade,,,,0.0,0.0,
2026-07-14T12:38:57+00:00,3,AUDUSD,15m,London Ny Overlap/London/New York,NO TRADE,0.0,0.6973,,,,0.0,0.0,0.0,Signal is NO TRADE — no trade,,,,0.0,0.0,
2026-07-14T12:40:37+00:00,4,USDCAD,15m,London Ny Overlap/London/New York,NO TRADE,0.0,1.40718,,,,0.0,0.0,0.0,Signal is NO TRADE — no trade,,,,0.0,0.0,
2026-07-14T12:42:13+00:00,5,XAUUSD,15m,London Ny Overlap/London/New York,NO TRADE,0.0,4088.79,,,,0.0,0.0,0.0,Signal is NO TRADE — no trade,,,,0.0,0.0,
2026-07-14T12:43:37+00:00,6,USDCHF,15m,London Ny Overlap/London/New York,NO TRADE,0.0,0.80746,,,,0.0,0.0,0.0,Signal is NO TRADE — no trade,,,,0.0,0.0,
2026-07-14T14:33:57+00:00,1,EURUSD,15m,London Ny Overlap/London/New York,NO TRADE,0.0,1.14454,,,,0.0,0.0,0.0,Signal is NO TRADE — no trade,,,,0.0,0.0,
2026-07-14T14:35:34+00:00,2,GBPUSD,15m,London Ny Overlap/London/New York,NO TRADE,0.0,1.34042,,,,0.0,0.0,0.0,Signal is NO TRADE — no trade,,,,0.0,0.0,
2026-07-14T14:37:01+00:00,3,USDJPY,15m,London Ny Overlap/London/New York,NO TRADE,0.0,161.931,,,,0.0,0.0,0.0,Signal is NO TRADE — no trade,,,,0.0,0.0,
2026-07-14T14:38:26+00:00,4,AUDUSD,15m,London Ny Overlap/London/New York,NO TRADE,0.0,0.69867,,,,0.0,0.0,0.0,Signal is NO TRADE — no trade,,,,0.0,0.0,
2026-07-14T14:39:00+00:00,5,USDCAD,15m,London Ny Overlap/London/New York,NO TRADE,0.0,1.40613,,,,0.0,0.0,0.0,Signal is NO TRADE — no trade,,,,0.0,0.0,
2026-07-14T14:40:00+00:00,6,XAUUSD,15m,London Ny Overlap/London/New York,NO TRADE,0.0,4080.48,,,,0.0,0.0,0.0,Signal is NO TRADE — no trade,,,,0.0,0.0,
2026-07-14T14:41:16+00:00,7,USDCHF,15m,London Ny Overlap/London/New York,NO TRADE,0.0,0.80737,,,,0.0,0.0,0.0,Signal is NO TRADE — no trade,,,,0.0,0.0,
2026-07-14T14:42:20+00:00,8,NZDUSD,15m,London Ny Overlap/London/New York,NO TRADE,0.0,0.5821,,,,0.0,0.0,0.0,Signal is NO TRADE — no trade,,,,0.0,0.0,
2026-07-14T14:43:57+00:00,9,EURGBP,15m,London Ny Overlap/London/New York,NO TRADE,0.0,0.85371,,,,0.0,0.0,0.0,Signal is NO TRADE — no trade,,,,0.0,0.0,
2026-07-14T14:45:26+00:00,10,EURJPY,15m,London Ny Overlap/London/New York,NO TRADE,0.0,185.35,,,,0.0,0.0,0.0,Signal is NO TRADE — no trade,,,,0.0,0.0,
2026-07-14T14:46:05+00:00,11,EURCHF,15m,London Ny Overlap/London/New York,NO TRADE,0.0,0.92412,,,,0.0,0.0,0.0,Signal is NO TRADE — no trade,,,,0.0,0.0,
2026-07-14T14:48:15+00:00,1,EURUSD,15m,London Ny Overlap/London/New York,NO TRADE,0.0,1.14477,,,,0.0,0.0,0.0,Signal is NO TRADE — no trade,,,,0.0,0.0,
2026-07-14T14:50:31+00:00,2,GBPUSD,15m,London Ny Overlap/London/New York,NO TRADE,0.0,1.3408,,,,0.0,0.0,0.0,Signal is NO TRADE — no trade,,,,0.0,0.0,
2026-07-14T14:52:01+00:00,3,USDJPY,15m,London Ny Overlap/London/New York,NO TRADE,0.0,161.944,,,,0.0,0.0,0.0,Signal is NO TRADE — no trade,,,,0.0,0.0,
2026-07-14T14:56:13+00:00,4,AUDUSD,15m,London Ny Overlap/London/New York,NO TRADE,0.0,0.69868,,,,0.0,0.0,0.0,Signal is NO TRADE — no trade,,,,0.0,0.0,
2026-07-14T14:58:32+00:00,5,USDCAD,15m,London Ny Overlap/London/New York,NO TRADE,0.0,1.40555,,,,0.0,0.0,0.0,Signal is NO TRADE — no trade,,,,0.0,0.0,
2026-07-14T15:00:49+00:00,6,XAUUSD,15m,London Ny Overlap/London/New York,NO TRADE,0.0,4086.99,,,,0.0,0.0,0.0,Signal is NO TRADE — no trade,,,,0.0,0.0,
2026-07-14T15:04:56+00:00,7,USDCHF,15m,London Ny Overlap/London/New York,NO TRADE,0.0,0.80773,,,,0.0,0.0,0.0,Signal is NO TRADE — no trade,,,,0.0,0.0,
2026-07-14T15:11:22+00:00,8,NZDUSD,15m,London Ny Overlap/London/New York,NO TRADE,0.0,0.58218,,,,0.0,0.0,0.0,Signal is NO TRADE — no trade,,,,0.0,0.0,
2026-07-14T15:14:19+00:00,9,EURGBP,15m,London Ny Overlap/London/New York,NO TRADE,0.0,0.85403,,,,0.0,0.0,0.0,Signal is NO TRADE — no trade,,,,0.0,0.0,
2026-07-14T15:16:19+00:00,10,EURJPY,15m,London Ny Overlap/London/New York,NO TRADE,0.0,185.392,,,,0.0,0.0,0.0,Signal is NO TRADE — no trade,,,,0.0,0.0,
2026-07-14T16:04:21+00:00,1,EURUSD,15m,New York,NO TRADE,0.0,1.14261,,,,0.0,0.0,0.0,Signal is NO TRADE — no trade,,,,0.0,0.0,
2026-07-14T16:05:14+00:00,2,GBPUSD,15m,New York,NO TRADE,0.0,1.33799,,,,0.0,0.0,0.0,Signal is NO TRADE — no trade,,,,0.0,0.0,
2026-07-14T16:06:36+00:00,3,XAUUSD,15m,New York,NO TRADE,0.0,4063.15,,,,0.0,0.0,0.0,Signal is NO TRADE — no trade,,,,0.0,0.0,
2026-07-14T16:07:38+00:00,4,EURGBP,15m,New York,NO TRADE,0.0,0.85401,,,,0.0,0.0,0.0,Signal is NO TRADE — no trade,,,,0.0,0.0,
2026-07-14T16:09:16+00:00,5,EURJPY,15m,New York,NO TRADE,0.0,185.296,,,,0.0,0.0,0.0,Signal is NO TRADE — no trade,,,,0.0,0.0,
2026-07-14T16:10:31+00:00,6,EURCHF,15m,New York,NO TRADE,0.0,0.9247,,,,0.0,0.0,0.0,Signal is NO TRADE — no trade,,,,0.0,0.0,
2026-07-14T16:25:20+00:00,1,EURUSD,15m,New York,NO TRADE,0.0,1.14287,,,,0.0,0.0,0.0,Signal is NO TRADE — no trade,,,,0.0,0.0,
2026-07-14T16:26:30+00:00,2,GBPUSD,15m,New York,NO TRADE,0.0,1.33823,,,,0.0,0.0,0.0,Signal is NO TRADE — no trade,,,,0.0,0.0,
2026-07-14T16:28:13+00:00,3,USDJPY,15m,New York,NO TRADE,0.0,162.156,,,,0.0,0.0,0.0,Signal is NO TRADE — no trade,,,,0.0,0.0,
2026-07-14T16:30:44+00:00,4,AUDUSD,15m,New York,NO TRADE,0.0,0.69742,,,,0.0,0.0,0.0,Signal is NO TRADE — no trade,,,,0.0,0.0,
2026-07-14T16:32:04+00:00,5,USDCAD,15m,New York,NO TRADE,0.0,1.40658,,,,0.0,0.0,0.0,Signal is NO TRADE — no trade,,,,0.0,0.0,
2026-07-14T16:33:09+00:00,6,XAUUSD,15m,New York,NO TRADE,0.0,4060.33,,,,0.0,0.0,0.0,Signal is NO TRADE — no trade,,,,0.0,0.0,
2026-07-14T16:34:23+00:00,7,USDCHF,15m,New York,NO TRADE,0.0,0.80874,,,,0.0,0.0,0.0,Signal is NO TRADE — no trade,,,,0.0,0.0,
2026-07-14T16:38:45+00:00,1,EURUSD,15m,New York,NO TRADE,0.0,1.14339,,,,0.0,0.0,0.0,Signal is NO TRADE — no trade,,,,0.0,0.0,
2026-07-14T16:39:53+00:00,2,GBPUSD,15m,New York,NO TRADE,0.0,1.3391,,,,0.0,0.0,0.0,Signal is NO TRADE — no trade,,,,0.0,0.0,
2026-07-14T16:40:29+00:00,3,USDJPY,15m,New York,NO TRADE,0.0,162.113,,,,0.0,0.0,0.0,Signal is NO TRADE — no trade,,,,0.0,0.0,
2026-07-14T16:41:16+00:00,4,AUDUSD,15m,New York,NO TRADE,0.0,0.69776,,,,0.0,0.0,0.0,Signal is NO TRADE — no trade,,,,0.0,0.0,
2026-07-14T16:41:51+00:00,5,USDCAD,15m,New York,NO TRADE,0.0,1.40621,,,,0.0,0.0,0.0,Signal is NO TRADE — no trade,,,,0.0,0.0,
2026-07-14T16:42:58+00:00,6,XAUUSD,15m,New York,NO TRADE,0.0,4059.77,,,,0.0,0.0,0.0,Signal is NO TRADE — no trade,,,,0.0,0.0,
2026-07-14T16:44:10+00:00,7,USDCHF,15m,New York,NO TRADE,0.0,0.80871,,,,0.0,0.0,0.0,Signal is NO TRADE — no trade,,,,0.0,0.0,
2026-07-14T16:45:38+00:00,8,NZDUSD,15m,New York,NO TRADE,0.0,0.58116,,,,0.0,0.0,0.0,Signal is NO TRADE — no trade,,,,0.0,0.0,
2026-07-14T16:46:24+00:00,9,EURGBP,15m,New York,NO TRADE,0.0,0.85394,,,,0.0,0.0,0.0,Signal is NO TRADE — no trade,,,,0.0,0.0,
2026-07-14T16:47:17+00:00,10,EURJPY,15m,New York,NO TRADE,0.0,185.357,,,,0.0,0.0,0.0,Signal is NO TRADE — no trade,,,,0.0,0.0,
2026-07-14T16:48:21+00:00,11,EURCHF,15m,New York,NO TRADE,0.0,0.92466,,,,0.0,0.0,0.0,Signal is NO TRADE — no trade,,,,0.0,0.0,
2026-07-14T16:49:08+00:00,12,EURUSD,15m,New York,NO TRADE,0.0,1.14302,,,,0.0,0.0,0.0,Signal is NO TRADE — no trade,,,,0.0,0.0,
2026-07-14T16:49:52+00:00,13,GBPUSD,15m,New York,NO TRADE,0.0,1.3386,,,,0.0,0.0,0.0,Signal is NO TRADE — no trade,,,,0.0,0.0,
2026-07-14T16:50:42+00:00,14,USDJPY,15m,New York,NO TRADE,0.0,162.147,,,,0.0,0.0,0.0,Signal is NO TRADE — no trade,,,,0.0,0.0,
2026-07-14T16:51:02+00:00,1,EURUSD,15m,New York,NO TRADE,0.0,1.14303,,,,0.0,0.0,0.0,Signal is NO TRADE — no trade,,,,0.0,0.0,
2026-07-14T16:51:15+00:00,15,AUDUSD,15m,New York,NO TRADE,0.0,0.69754,,,,0.0,0.0,0.0,Signal is NO TRADE — no trade,,,,0.0,0.0,
2026-07-14T16:51:39+00:00,2,GBPUSD,15m,New York,NO TRADE,0.0,1.33852,,,,0.0,0.0,0.0,Signal is NO TRADE — no trade,,,,0.0,0.0,
2026-07-14T17:42:26+00:00,1,EURUSD,15m,New York,NO TRADE,0.0,1.14248,,,,0.0,0.0,0.0,Signal is NO TRADE — no trade,,,,0.0,0.0,
2026-07-14T17:42:53+00:00,2,GBPUSD,15m,New York,NO TRADE,0.0,1.33795,,,,0.0,0.0,0.0,Signal is NO TRADE — no trade,,,,0.0,0.0,
2026-07-14T17:45:17+00:00,3,EURUSD,15m,New York,NO TRADE,0.0,1.14261,,,,0.0,0.0,0.0,Signal is NO TRADE — no trade,,,,0.0,0.0,
2026-07-14T17:45:56+00:00,4,GBPUSD,15m,New York,NO TRADE,0.0,1.33798,,,,0.0,0.0,0.0,Signal is NO TRADE — no trade,,,,0.0,0.0,
2026-07-14T17:49:18+00:00,5,USDJPY,15m,New York,NO TRADE,0.0,162.166,,,,0.0,0.0,0.0,Signal is NO TRADE — no trade,,,,0.0,0.0,
2026-07-14T17:50:14+00:00,6,AUDUSD,15m,New York,NO TRADE,55.0,0.69754,0.69654,0.69954,,0.0,2.0,0.0,"LiveRiskManager gate: Confidence 55% < 80% (tier=1, mode=NORMAL)",,,,0.0,0.0,
2026-07-14T17:50:54+00:00,7,USDCAD,15m,New York,NO TRADE,0.0,1.40691,,,,0.0,0.0,0.0,Signal is NO TRADE — no trade,,,,0.0,0.0,
2026-07-14T17:51:55+00:00,8,XAUUSD,15m,New York,NO TRADE,0.0,4062.18,,,,0.0,0.0,0.0,Signal is NO TRADE — no trade,,,,0.0,0.0,
2026-07-14T17:52:22+00:00,9,USDCHF,15m,New York,NO TRADE,0.0,0.80906,,,,0.0,0.0,0.0,Signal is NO TRADE — no trade,,,,0.0,0.0,
2026-07-14T17:53:10+00:00,10,NZDUSD,15m,New York,NO TRADE,0.0,0.58109,,,,0.0,0.0,0.0,Signal is NO TRADE — no trade,,,,0.0,0.0,
2026-07-14T17:53:35+00:00,11,EURGBP,15m,New York,NO TRADE,0.0,0.85395,,,,0.0,0.0,0.0,Signal is NO TRADE — no trade,,,,0.0,0.0,
2026-07-14T17:54:26+00:00,12,EURJPY,15m,New York,NO TRADE,0.0,185.289,,,,0.0,0.0,0.0,Signal is NO TRADE — no trade,,,,0.0,0.0,
2026-07-14T17:54:57+00:00,13,EURCHF,15m,New York,NO TRADE,0.0,0.92463,,,,0.0,0.0,0.0,Signal is NO TRADE — no trade,,,,0.0,0.0,
2026-07-14T17:55:53+00:00,14,EURAUD,15m,New York,NO TRADE,0.0,1.63802,,,,0.0,0.0,0.0,Signal is NO TRADE — no trade,,,,0.0,0.0,
2026-07-14T17:56:25+00:00,15,EURUSD,15m,New York,NO TRADE,0.0,1.1426,,,,0.0,0.0,0.0,Signal is NO TRADE — no trade,,,,0.0,0.0,
2026-07-14T17:57:15+00:00,16,GBPUSD,15m,New York,NO TRADE,0.0,1.33805,,,,0.0,0.0,0.0,Signal is NO TRADE — no trade,,,,0.0,0.0,
2026-07-14T17:57:52+00:00,17,USDJPY,15m,New York,NO TRADE,0.0,162.169,,,,0.0,0.0,0.0,Signal is NO TRADE — no trade,,,,0.0,0.0,
2026-07-14T17:58:36+00:00,18,AUDUSD,15m,New York,NO TRADE,0.0,0.69757,,,,0.0,0.0,0.0,Signal is NO TRADE — no trade,,,,0.0,0.0,
2026-07-14T17:59:00+00:00,19,USDCAD,15m,New York,NO TRADE,0.0,1.40693,,,,0.0,0.0,0.0,Signal is NO TRADE — no trade,,,,0.0,0.0,
2026-07-14T17:59:52+00:00,20,XAUUSD,15m,New York,NO TRADE,0.0,4062.74,,,,0.0,0.0,0.0,Signal is NO TRADE — no trade,,,,0.0,0.0,
2026-07-14T18:00:21+00:00,21,USDCHF,15m,New York,NO TRADE,0.0,0.80934,,,,0.0,0.0,0.0,Signal is NO TRADE — no trade,,,,0.0,0.0,
2026-07-14T18:00:56+00:00,22,NZDUSD,15m,New York,NO TRADE,0.0,0.58094,,,,0.0,0.0,0.0,Signal is NO TRADE — no trade,,,,0.0,0.0,
2026-07-14T18:01:22+00:00,23,EURGBP,15m,New York,NO TRADE,0.0,0.85396,,,,0.0,0.0,0.0,Signal is NO TRADE — no trade,,,,0.0,0.0,
2026-07-14T18:02:00+00:00,24,EURJPY,15m,New York,NO TRADE,0.0,185.292,,,,0.0,0.0,0.0,Signal is NO TRADE — no trade,,,,0.0,0.0,
2026-07-14T18:02:30+00:00,25,EURCHF,15m,New York,NO TRADE,0.0,0.92457,,,,0.0,0.0,0.0,Signal is NO TRADE — no trade,,,,0.0,0.0,
2026-07-14T18:03:21+00:00,26,EURAUD,15m,New York,NO TRADE,85.0,1.63773,1.63886,1.63547,,0.07,2.0,5.0,LOW,,,,0.0,0.0,
2026-07-14T18:03:56+00:00,27,EURUSD,15m,New York,NO TRADE,0.0,1.14248,,,,0.0,0.0,0.0,Signal is NO TRADE — no trade,,,,0.0,0.0,
2026-07-14T18:04:37+00:00,28,GBPUSD,15m,New York,NO TRADE,0.0,1.33785,,,,0.0,0.0,0.0,Signal is NO TRADE — no trade,,,,0.0,0.0,
2026-07-14T18:05:23+00:00,29,USDJPY,15m,New York,NO TRADE,0.0,162.2,,,,0.0,0.0,0.0,Signal is NO TRADE — no trade,,,,0.0,0.0,
2026-07-14T18:06:01+00:00,30,AUDUSD,15m,New York,NO TRADE,0.0,0.69761,,,,0.0,0.0,0.0,Signal is NO TRADE — no trade,,,,0.0,0.0,
2026-07-14T18:06:30+00:00,31,USDCAD,15m,New York,NO TRADE,0.0,1.40691,,,,0.0,0.0,0.0,Signal is NO TRADE — no trade,,,,0.0,0.0,
2026-07-14T18:07:08+00:00,32,XAUUSD,15m,New York,NO TRADE,0.0,4060.81,,,,0.0,0.0,0.0,Signal is NO TRADE — no trade,,,,0.0,0.0,
2026-07-14T18:07:34+00:00,33,USDCHF,15m,New York,NO TRADE,0.0,0.80928,,,,0.0,0.0,0.0,Signal is NO TRADE — no trade,,,,0.0,0.0,
2026-07-14T18:08:23+00:00,34,NZDUSD,15m,New York,NO TRADE,0.0,0.581,,,,0.0,0.0,0.0,Signal is NO TRADE — no trade,,,,0.0,0.0,
2026-07-14T18:08:48+00:00,35,EURGBP,15m,New York,NO TRADE,0.0,0.85391,,,,0.0,0.0,0.0,Signal is NO TRADE — no trade,,,,0.0,0.0,
2026-07-14T18:09:05+00:00,1,EURUSD,15m,New York,NO TRADE,0.0,1.14245,,,,0.0,0.0,0.0,Signal is NO TRADE — no trade,,,,0.0,0.0,
2026-07-14T18:09:36+00:00,36,EURJPY,15m,New York,NO TRADE,0.0,185.296,,,,0.0,0.0,0.0,Signal is NO TRADE — no trade,,,,0.0,0.0,
2026-07-14T18:10:06+00:00,2,GBPUSD,15m,New York,NO TRADE,0.0,1.33779,,,,0.0,0.0,0.0,Signal is NO TRADE — no trade,,,,0.0,0.0,
2026-07-14T18:10:21+00:00,37,EURCHF,15m,New York,NO TRADE,0.0,0.92459,,,,0.0,0.0,0.0,Signal is NO TRADE — no trade,,,,0.0,0.0,
2026-07-14T18:10:47+00:00,3,USDJPY,15m,New York,NO TRADE,0.0,162.199,,,,0.0,0.0,0.0,Signal is NO TRADE — no trade,,,,0.0,0.0,
2026-07-14T18:11:00+00:00,38,EURAUD,15m,New York,NO TRADE,85.0,1.63773,1.63886,1.63547,,0.07,2.0,5.0,LOW,,,,0.0,0.0,
2026-07-14T18:11:29+00:00,39,EURUSD,15m,New York,NO TRADE,0.0,1.14235,,,,0.0,0.0,0.0,Signal is NO TRADE — no trade,,,,0.0,0.0,
2026-07-14T18:11:31+00:00,4,AUDUSD,15m,New York,NO TRADE,0.0,0.69753,,,,0.0,0.0,0.0,Signal is NO TRADE — no trade,,,,0.0,0.0,
2026-07-14T18:11:57+00:00,5,USDCAD,15m,New York,NO TRADE,0.0,1.40704,,,,0.0,0.0,0.0,Signal is NO TRADE — no trade,,,,0.0,0.0,
2026-07-14T18:12:06+00:00,40,GBPUSD,15m,New York,NO TRADE,0.0,1.33782,,,,0.0,0.0,0.0,Signal is NO TRADE — no trade,,,,0.0,0.0,
2026-07-14T18:12:31+00:00,41,USDJPY,15m,New York,NO TRADE,0.0,162.188,,,,0.0,0.0,0.0,Signal is NO TRADE — no trade,,,,0.0,0.0,
2026-07-14T18:12:52+00:00,6,XAUUSD,15m,New York,NO TRADE,0.0,4060.49,,,,0.0,0.0,0.0,Signal is NO TRADE — no trade,,,,0.0,0.0,
2026-07-14T18:13:03+00:00,42,AUDUSD,15m,New York,NO TRADE,0.0,0.69753,,,,0.0,0.0,0.0,Signal is NO TRADE — no trade,,,,0.0,0.0,
2026-07-14T18:13:18+00:00,7,USDCHF,15m,New York,NO TRADE,0.0,0.80936,,,,0.0,0.0,0.0,Signal is NO TRADE — no trade,,,,0.0,0.0,
2026-07-14T18:13:35+00:00,43,USDCAD,15m,New York,NO TRADE,0.0,1.40706,,,,0.0,0.0,0.0,Signal is NO TRADE — no trade,,,,0.0,0.0,
2026-07-14T18:13:55+00:00,44,XAUUSD,15m,New York,NO TRADE,0.0,4060.63,,,,0.0,0.0,0.0,Signal is NO TRADE — no trade,,,,0.0,0.0,
2026-07-14T18:13:56+00:00,8,NZDUSD,15m,New York,NO TRADE,0.0,0.58108,,,,0.0,0.0,0.0,Signal is NO TRADE — no trade,,,,0.0,0.0,
2026-07-14T18:14:39+00:00,9,EURGBP,15m,New York,NO TRADE,0.0,0.85367,,,,0.0,0.0,0.0,Signal is NO TRADE — no trade,,,,0.0,0.0,
2026-07-14T18:14:51+00:00,45,USDCHF,15m,New York,NO TRADE,0.0,0.80931,,,,0.0,0.0,0.0,Signal is NO TRADE — no trade,,,,0.0,0.0,
2026-07-14T18:15:26+00:00,10,EURJPY,15m,New York,NO TRADE,0.0,185.286,,,,0.0,0.0,0.0,Signal is NO TRADE — no trade,,,,0.0,0.0,
2026-07-14T18:15:37+00:00,46,NZDUSD,15m,New York,NO TRADE,0.0,0.5811,,,,0.0,0.0,0.0,Signal is NO TRADE — no trade,,,,0.0,0.0,
2026-07-14T18:16:02+00:00,11,EURCHF,15m,New York,NO TRADE,0.0,0.92452,,,,0.0,0.0,0.0,Signal is NO TRADE — no trade,,,,0.0,0.0,
2026-07-14T18:16:10+00:00,47,EURGBP,15m,New York,NO TRADE,0.0,0.85366,,,,0.0,0.0,0.0,Signal is NO TRADE — no trade,,,,0.0,0.0,
2026-07-14T18:16:38+00:00,48,EURJPY,15m,New York,NO TRADE,0.0,185.29,,,,0.0,0.0,0.0,Signal is NO TRADE — no trade,,,,0.0,0.0,
2026-07-14T18:16:40+00:00,12,EURAUD,15m,New York,NO TRADE,95.0,1.63769,1.63875,1.63557,,0.09,2.0,6.43,LOW,,,,0.0,0.0,
2026-07-14T18:19:51+00:00,1,EURUSD,15m,New York,NO TRADE,0.0,1.14256,,,,0.0,0.0,0.0,Signal is NO TRADE — no trade,,,,0.0,0.0,
2026-07-14T18:20:18+00:00,2,GBPUSD,15m,New York,NO TRADE,0.0,1.33824,,,,0.0,0.0,0.0,Signal is NO TRADE — no trade,,,,0.0,0.0,
2026-07-14T18:21:01+00:00,3,USDJPY,15m,New York,NO TRADE,0.0,162.183,,,,0.0,0.0,0.0,Signal is NO TRADE — no trade,,,,0.0,0.0,
2026-07-14T18:21:27+00:00,4,AUDUSD,15m,New York,NO TRADE,0.0,0.69756,,,,0.0,0.0,0.0,Signal is NO TRADE — no trade,,,,0.0,0.0,
2026-07-14T18:22:07+00:00,5,USDCAD,15m,New York,NO TRADE,0.0,1.40687,,,,0.0,0.0,0.0,Signal is NO TRADE — no trade,,,,0.0,0.0,
2026-07-14T18:22:26+00:00,6,XAUUSD,15m,New York,NO TRADE,0.0,4060.47,,,,0.0,0.0,0.0,Signal is NO TRADE — no trade,,,,0.0,0.0,
2026-07-14T18:22:45+00:00,7,USDCHF,15m,New York,NO TRADE,0.0,0.80947,,,,0.0,0.0,0.0,Signal is NO TRADE — no trade,,,,0.0,0.0,
2026-07-14T18:23:15+00:00,8,NZDUSD,15m,New York,NO TRADE,0.0,0.58095,,,,0.0,0.0,0.0,Signal is NO TRADE — no trade,,,,0.0,0.0,
2026-07-14T18:23:50+00:00,9,EURGBP,15m,New York,NO TRADE,0.0,0.85362,,,,0.0,0.0,0.0,Signal is NO TRADE — no trade,,,,0.0,0.0,
2026-07-14T18:24:28+00:00,10,EURJPY,15m,New York,NO TRADE,0.0,185.265,,,,0.0,0.0,0.0,Signal is NO TRADE — no trade,,,,0.0,0.0,
2026-07-14T18:24:56+00:00,11,EURCHF,15m,New York,NO TRADE,0.0,0.9246,,,,0.0,0.0,0.0,Signal is NO TRADE — no trade,,,,0.0,0.0,
2026-07-14T18:25:37+00:00,12,EURAUD,15m,New York,NO TRADE,0.0,1.63771,,,,0.0,0.0,0.0,Signal is NO TRADE — no trade,,,,0.0,0.0,
2026-07-14T18:26:08+00:00,13,EURUSD,15m,New York,NO TRADE,0.0,1.14209,,,,0.0,0.0,0.0,Signal is NO TRADE — no trade,,,,0.0,0.0,
2026-07-14T18:26:48+00:00,14,GBPUSD,15m,New York,NO TRADE,0.0,1.33806,,,,0.0,0.0,0.0,Signal is NO TRADE — no trade,,,,0.0,0.0,
2026-07-14T18:27:16+00:00,15,USDJPY,15m,New York,NO TRADE,0.0,162.2,,,,0.0,0.0,0.0,Signal is NO TRADE — no trade,,,,0.0,0.0,
2026-07-14T18:27:54+00:00,16,AUDUSD,15m,New York,NO TRADE,0.0,0.69741,,,,0.0,0.0,0.0,Signal is NO TRADE — no trade,,,,0.0,0.0,
2026-07-14T18:28:23+00:00,17,USDCAD,15m,New York,NO TRADE,0.0,1.40727,,,,0.0,0.0,0.0,Signal is NO TRADE — no trade,,,,0.0,0.0,
2026-07-14T18:29:17+00:00,18,XAUUSD,15m,New York,NO TRADE,0.0,4057.98,,,,0.0,0.0,0.0,Signal is NO TRADE — no trade,,,,0.0,0.0,
2026-07-14T18:29:46+00:00,19,USDCHF,15m,New York,NO TRADE,0.0,0.80946,,,,0.0,0.0,0.0,Signal is NO TRADE — no trade,,,,0.0,0.0,
2026-07-14T18:30:29+00:00,20,NZDUSD,15m,New York,NO TRADE,0.0,0.58093,,,,0.0,0.0,0.0,Signal is NO TRADE — no trade,,,,0.0,0.0,
2026-07-14T18:30:56+00:00,21,EURGBP,15m,New York,NO TRADE,0.0,0.85353,,,,0.0,0.0,0.0,Signal is NO TRADE — no trade,,,,0.0,0.0,
2026-07-14T18:31:38+00:00,22,EURJPY,15m,New York,NO TRADE,0.0,185.27,,,,0.0,0.0,0.0,Signal is NO TRADE — no trade,,,,0.0,0.0,
2026-07-14T18:32:03+00:00,23,EURCHF,15m,New York,NO TRADE,0.0,0.92456,,,,0.0,0.0,0.0,Signal is NO TRADE — no trade,,,,0.0,0.0,
2026-07-14T18:32:35+00:00,24,EURAUD,15m,New York,NO TRADE,0.0,1.63768,,,,0.0,0.0,0.0,Signal is NO TRADE — no trade,,,,0.0,0.0,
2026-07-14T18:32:55+00:00,25,EURUSD,15m,New York,NO TRADE,0.0,1.14213,,,,0.0,0.0,0.0,Signal is NO TRADE — no trade,,,,0.0,0.0,
2026-07-14T18:33:14+00:00,26,GBPUSD,15m,New York,NO TRADE,0.0,1.33814,,,,0.0,0.0,0.0,Signal is NO TRADE — no trade,,,,0.0,0.0,
2026-07-15T08:24:43+00:00,45,EURGBP,15m,London/Tokyo,NO TRADE,0.0,0.85268,,,,0.0,0.0,0.0,Signal is NO TRADE — no trade,,,,0.0,0.0,
2026-07-15T08:25:17+00:00,46,EURJPY,15m,London/Tokyo,NO TRADE,0.0,185.417,,,,0.0,0.0,0.0,Signal is NO TRADE — no trade,,,,0.0,0.0,
2026-07-15T08:25:52+00:00,47,EURCHF,15m,London/Tokyo,NO TRADE,0.0,0.92518,,,,0.0,0.0,0.0,Signal is NO TRADE — no trade,,,,0.0,0.0,
2026-07-15T08:26:27+00:00,48,EURAUD,15m,London/Tokyo,NO TRADE,0.0,1.63486,,,,0.0,0.0,0.0,Signal is NO TRADE — no trade,,,,0.0,0.0,
2026-07-15T10:10:16+00:00,1,EURUSD,15m,London,NO TRADE,0.0,1.14138,,,,0.0,0.0,0.0,Signal is NO TRADE — no trade,,,,0.0,0.0,
2026-07-15T10:10:49+00:00,2,GBPUSD,15m,London,NO TRADE,0.0,1.33878,,,,0.0,0.0,0.0,Signal is NO TRADE — no trade,,,,0.0,0.0,
2026-07-15T10:11:49+00:00,3,USDJPY,15m,London,NO TRADE,0.0,162.388,,,,0.0,0.0,0.0,Signal is NO TRADE — no trade,,,,0.0,0.0,
2026-07-15T10:12:25+00:00,4,AUDUSD,15m,London,NO TRADE,0.0,0.69843,,,,0.0,0.0,0.0,Signal is NO TRADE — no trade,,,,0.0,0.0,
2026-07-15T10:13:26+00:00,5,USDCAD,15m,London,NO TRADE,0.0,1.40623,,,,0.0,0.0,0.0,Signal is NO TRADE — no trade,,,,0.0,0.0,
2026-07-15T10:14:33+00:00,6,XAUUSD,15m,London,NO TRADE,0.0,4031.47,,,,0.0,0.0,0.0,Signal is NO TRADE — no trade,,,,0.0,0.0,
2026-07-15T10:15:26+00:00,7,USDCHF,15m,London,NO TRADE,0.0,0.81101,,,,0.0,0.0,0.0,Signal is NO TRADE — no trade,,,,0.0,0.0,
2026-07-15T10:16:41+00:00,8,NZDUSD,15m,London,NO TRADE,0.0,0.58196,,,,0.0,0.0,0.0,Signal is NO TRADE — no trade,,,,0.0,0.0,
2026-07-15T10:17:53+00:00,9,EURGBP,15m,London,NO TRADE,0.0,0.85279,,,,0.0,0.0,0.0,Signal is NO TRADE — no trade,,,,0.0,0.0,
2026-07-15T10:19:00+00:00,10,EURJPY,15m,London,NO TRADE,0.0,185.361,,,,0.0,0.0,0.0,Signal is NO TRADE — no trade,,,,0.0,0.0,
2026-07-15T10:21:55+00:00,1,EURUSD,15m,London,NO TRADE,0.0,1.14167,,,,0.0,0.0,0.0,Signal is NO TRADE — no trade,,,,0.0,0.0,
2026-07-15T10:28:13+00:00,1,EURUSD,15m,London,NO TRADE,0.0,1.14127,,,,0.0,0.0,0.0,Signal is NO TRADE — no trade,,,,0.0,0.0,
2026-07-15T10:28:48+00:00,2,GBPUSD,15m,London,NO TRADE,0.0,1.33816,,,,0.0,0.0,0.0,Signal is NO TRADE — no trade,,,,0.0,0.0,
2026-07-15T10:29:27+00:00,3,USDJPY,15m,London,NO TRADE,0.0,162.415,,,,0.0,0.0,0.0,Signal is NO TRADE — no trade,,,,0.0,0.0,
2026-07-15T10:30:14+00:00,4,AUDUSD,15m,London,NO TRADE,0.0,0.69811,,,,0.0,0.0,0.0,Signal is NO TRADE — no trade,,,,0.0,0.0,
2026-07-15T10:31:17+00:00,5,USDCAD,15m,London,NO TRADE,0.0,1.40661,,,,0.0,0.0,0.0,Signal is NO TRADE — no trade,,,,0.0,0.0,
2026-07-15T10:44:59+00:00,1,EURUSD,15m,London,NO TRADE,0.0,1.14114,,,,0.0,0.0,0.0,Signal is NO TRADE — no trade,,,,0.0,0.0,
2026-07-15T10:46:02+00:00,2,GBPUSD,15m,London,NO TRADE,0.0,1.33877,,,,0.0,0.0,0.0,Signal is NO TRADE — no trade,,,,0.0,0.0,
2026-07-15T10:51:49+00:00,3,USDJPY,15m,London,NO TRADE,0.0,162.4,,,,0.0,0.0,0.0,Signal is NO TRADE — no trade,,,,0.0,0.0,
2026-07-15T10:55:15+00:00,4,AUDUSD,15m,London,NO TRADE,0.0,0.69826,,,,0.0,0.0,0.0,Signal is NO TRADE — no trade,,,,0.0,0.0,
2026-07-15T10:55:49+00:00,5,USDCAD,15m,London,NO TRADE,0.0,1.40654,,,,0.0,0.0,0.0,Signal is NO TRADE — no trade,,,,0.0,0.0,
2026-07-15T10:56:24+00:00,6,XAUUSD,15m,London,NO TRADE,0.0,4027.56,,,,0.0,0.0,0.0,Signal is NO TRADE — no trade,,,,0.0,0.0,
2026-07-15T10:56:58+00:00,7,USDCHF,15m,London,NO TRADE,0.0,0.81107,,,,0.0,0.0,0.0,Signal is NO TRADE — no trade,,,,0.0,0.0,
2026-07-15T10:57:36+00:00,8,NZDUSD,15m,London,NO TRADE,0.0,0.58175,,,,0.0,0.0,0.0,Signal is NO TRADE — no trade,,,,0.0,0.0,
2026-07-15T10:58:09+00:00,9,EURGBP,15m,London,NO TRADE,0.0,0.85177,,,,0.0,0.0,0.0,Signal is NO TRADE — no trade,,,,0.0,0.0,
2026-07-15T10:59:35+00:00,10,EURJPY,15m,London,NO TRADE,0.0,185.31,,,,0.0,0.0,0.0,Signal is NO TRADE — no trade,,,,0.0,0.0,
2026-07-15T11:01:23+00:00,11,EURCHF,15m,London,NO TRADE,0.0,0.92555,,,,0.0,0.0,0.0,Signal is NO TRADE — no trade,,,,0.0,0.0,
2026-07-15T11:12:24+00:00,1,EURUSD,15m,London,NO TRADE,0.0,1.14191,,,,0.0,0.0,0.0,Signal is NO TRADE — no trade,,,,0.0,0.0,
2026-07-15T11:13:49+00:00,2,GBPUSD,15m,London,NO TRADE,0.0,1.34007,,,,0.0,0.0,0.0,Signal is NO TRADE — no trade,,,,0.0,0.0,
2026-07-15T11:15:14+00:00,3,USDJPY,15m,London,NO TRADE,0.0,162.346,,,,0.0,0.0,0.0,Signal is NO TRADE — no trade,,,,0.0,0.0,
2026-07-15T11:16:43+00:00,4,AUDUSD,15m,London,NO TRADE,0.0,0.69848,,,,0.0,0.0,0.0,Signal is NO TRADE — no trade,,,,0.0,0.0,
2026-07-15T11:17:55+00:00,5,USDCAD,15m,London,NO TRADE,0.0,1.40685,,,,0.0,0.0,0.0,Signal is NO TRADE — no trade,,,,0.0,0.0,
2026-07-15T11:18:56+00:00,6,XAUUSD,15m,London,NO TRADE,0.0,4029.46,,,,0.0,0.0,0.0,Signal is NO TRADE — no trade,,,,0.0,0.0,
2026-07-15T11:19:53+00:00,7,USDCHF,15m,London,NO TRADE,0.0,0.81078,,,,0.0,0.0,0.0,Signal is NO TRADE — no trade,,,,0.0,0.0,
2026-07-15T11:21:10+00:00,8,NZDUSD,15m,London,NO TRADE,0.0,0.58193,,,,0.0,0.0,0.0,Signal is NO TRADE — no trade,,,,0.0,0.0,
2026-07-15T11:50:00+00:00,1,EURUSD,15m,London,NO TRADE,0.0,1.14142,,,,0.0,0.0,0.0,Signal is NO TRADE — no trade,,,,0.0,0.0,
2026-07-15T12:51:34+00:00,1,EURUSD,15m,London Ny Overlap/London/New York,NO TRADE,0.0,1.14263,,,,0.0,0.0,0.0,Signal is NO TRADE — no trade,,,,0.0,0.0,
2026-07-15T12:52:05+00:00,2,GBPUSD,15m,London Ny Overlap/London/New York,NO TRADE,0.0,1.34223,,,,0.0,0.0,0.0,Signal is NO TRADE — no trade,,,,0.0,0.0,
2026-07-15T13:49:23+00:00,1,EURUSD,15m,London Ny Overlap/London/New York,NO TRADE,0.0,1.14289,,,,0.0,0.0,0.0,Signal is NO TRADE — no trade,,,,0.0,0.0,
2026-07-15T13:49:54+00:00,2,GBPUSD,15m,London Ny Overlap/London/New York,NO TRADE,0.0,1.34372,,,,0.0,0.0,0.0,Signal is NO TRADE — no trade,,,,0.0,0.0,
2026-07-15T13:50:33+00:00,3,USDJPY,15m,London Ny Overlap/London/New York,NO TRADE,0.0,162.224,,,,0.0,0.0,0.0,Signal is NO TRADE — no trade,,,,0.0,0.0,
2026-07-15T13:51:17+00:00,4,AUDUSD,15m,London Ny Overlap/London/New York,NO TRADE,0.0,0.69925,,,,0.0,0.0,0.0,Signal is NO TRADE — no trade,,,,0.0,0.0,
2026-07-15T13:52:19+00:00,5,USDCAD,15m,London Ny Overlap/London/New York,NO TRADE,0.0,1.40633,,,,0.0,0.0,0.0,Signal is NO TRADE — no trade,,,,0.0,0.0,
2026-07-15T13:54:44+00:00,6,XAUUSD,15m,London Ny Overlap/London/New York,NO TRADE,0.0,4059.54,,,,0.0,0.0,0.0,Signal is NO TRADE — no trade,,,,0.0,0.0,
2026-07-15T13:56:45+00:00,7,EURGBP,15m,London Ny Overlap/London/New York,NO TRADE,0.0,0.85053,,,,0.0,0.0,0.0,Signal is NO TRADE — no trade,,,,0.0,0.0,
2026-07-15T14:03:56+00:00,1,EURUSD,15m,London Ny Overlap/London/New York,NO TRADE,0.0,1.1431,,,,0.0,0.0,0.0,Signal is NO TRADE — no trade,,,,0.0,0.0,
2026-07-15T14:16:56+00:00,1,EURUSD,15m,London Ny Overlap/London/New York,NO TRADE,0.0,1.14329,,,,0.0,0.0,0.0,Signal is NO TRADE — no trade,,,,0.0,0.0,
2026-07-15T14:58:36+00:00,1,EURUSD,15m,London Ny Overlap/London/New York,NO TRADE,0.0,1.14364,,,,0.0,0.0,0.0,Signal is NO TRADE — no trade,,,,0.0,0.0,
2026-07-15T14:59:33+00:00,2,GBPUSD,15m,London Ny Overlap/London/New York,NO TRADE,0.0,1.34807,,,,0.0,0.0,0.0,Signal is NO TRADE — no trade,,,,0.0,0.0,
2026-07-15T15:00:29+00:00,3,USDJPY,15m,London Ny Overlap/London/New York,NO TRADE,0.0,162.142,,,,0.0,0.0,0.0,Signal is NO TRADE — no trade,,,,0.0,0.0,
2026-07-15T15:01:02+00:00,4,AUDUSD,15m,London Ny Overlap/London/New York,NO TRADE,0.0,0.69996,,,,0.0,0.0,0.0,Signal is NO TRADE — no trade,,,,0.0,0.0,
2026-07-15T15:01:47+00:00,5,USDCAD,15m,London Ny Overlap/London/New York,NO TRADE,0.0,1.40511,,,,0.0,0.0,0.0,Signal is NO TRADE — no trade,,,,0.0,0.0,
2026-07-15T15:03:13+00:00,6,XAUUSD,15m,London Ny Overlap/London/New York,NO TRADE,0.0,4060.0,,,,0.0,0.0,0.0,Signal is NO TRADE — no trade,,,,0.0,0.0,
2026-07-15T15:04:33+00:00,7,USDCHF,15m,London Ny Overlap/London/New York,NO TRADE,0.0,0.80717,,,,0.0,0.0,0.0,Signal is NO TRADE — no trade,,,,0.0,0.0,
2026-07-15T15:35:54+00:00,1,EURUSD,15m,London Ny Overlap/London/New York,NO TRADE,0.0,1.14373,,,,0.0,0.0,0.0,Signal is NO TRADE — no trade,,,,0.0,0.0,
2026-07-15T15:36:39+00:00,2,GBPUSD,15m,London Ny Overlap/London/New York,NO TRADE,0.0,1.34882,,,,0.0,0.0,0.0,Signal is NO TRADE — no trade,,,,0.0,0.0,
2026-07-15T15:38:13+00:00,3,USDJPY,15m,London Ny Overlap/London/New York,NO TRADE,0.0,162.104,,,,0.0,0.0,0.0,Signal is NO TRADE — no trade,,,,0.0,0.0,
2026-07-15T15:39:16+00:00,4,AUDUSD,15m,London Ny Overlap/London/New York,NO TRADE,0.0,0.70001,,,,0.0,0.0,0.0,Signal is NO TRADE — no trade,,,,0.0,0.0,
2026-07-15T15:40:25+00:00,5,USDCAD,15m,London Ny Overlap/London/New York,NO TRADE,0.0,1.40513,,,,0.0,0.0,0.0,Signal is NO TRADE — no trade,,,,0.0,0.0,
2026-07-15T15:41:42+00:00,6,XAUUSD,15m,London Ny Overlap/London/New York,NO TRADE,0.0,4049.09,,,,0.0,0.0,0.0,Signal is NO TRADE — no trade,,,,0.0,0.0,
2026-07-15T15:43:03+00:00,7,USDCHF,15m,London Ny Overlap/London/New York,NO TRADE,0.0,0.80684,,,,0.0,0.0,0.0,Signal is NO TRADE — no trade,,,,0.0,0.0,
2026-07-15T15:44:04+00:00,8,NZDUSD,15m,London Ny Overlap/London/New York,NO TRADE,0.0,0.58396,,,,0.0,0.0,0.0,Signal is NO TRADE — no trade,,,,0.0,0.0,
2026-07-15T15:44:50+00:00,9,EURGBP,15m,London Ny Overlap/London/New York,NO TRADE,0.0,0.84759,,,,0.0,0.0,0.0,Signal is NO TRADE — no trade,,,,0.0,0.0,
2026-07-15T15:46:39+00:00,10,EURJPY,15m,London Ny Overlap/London/New York,NO TRADE,0.0,185.38,,,,0.0,0.0,0.0,Signal is NO TRADE — no trade,,,,0.0,0.0,
2026-07-15T15:47:38+00:00,11,EURCHF,15m,London Ny Overlap/London/New York,NO TRADE,0.0,0.92254,,,,0.0,0.0,0.0,Signal is NO TRADE — no trade,,,,0.0,0.0,
2026-07-15T15:48:22+00:00,12,EURAUD,15m,London Ny Overlap/London/New York,NO TRADE,0.0,1.63345,,,,0.0,0.0,0.0,Signal is NO TRADE — no trade,,,,0.0,0.0,
2026-07-15T15:49:35+00:00,13,EURUSD,15m,London Ny Overlap/London/New York,NO TRADE,0.0,1.14355,,,,0.0,0.0,0.0,Signal is NO TRADE — no trade,,,,0.0,0.0,
2026-07-15T15:50:46+00:00,14,GBPUSD,15m,London Ny Overlap/London/New York,NO TRADE,0.0,1.34911,,,,0.0,0.0,0.0,Signal is NO TRADE — no trade,,,,0.0,0.0,
2026-07-15T15:51:31+00:00,15,USDJPY,15m,London Ny Overlap/London/New York,NO TRADE,0.0,162.115,,,,0.0,0.0,0.0,Signal is NO TRADE — no trade,,,,0.0,0.0,
2026-07-15T15:52:44+00:00,16,AUDUSD,15m,London Ny Overlap/London/New York,NO TRADE,0.0,0.69992,,,,0.0,0.0,0.0,Signal is NO TRADE — no trade,,,,0.0,0.0,
2026-07-15T15:53:47+00:00,17,USDCAD,15m,London Ny Overlap/London/New York,NO TRADE,0.0,1.40481,,,,0.0,0.0,0.0,Signal is NO TRADE — no trade,,,,0.0,0.0,
2026-07-15T15:54:31+00:00,18,XAUUSD,15m,London Ny Overlap/London/New York,NO TRADE,0.0,4048.69,,,,0.0,0.0,0.0,Signal is NO TRADE — no trade,,,,0.0,0.0,
2026-07-15T15:55:30+00:00,19,USDCHF,15m,London Ny Overlap/London/New York,NO TRADE,0.0,0.80671,,,,0.0,0.0,0.0,Signal is NO TRADE — no trade,,,,0.0,0.0,
2026-07-15T15:56:16+00:00,20,NZDUSD,15m,London Ny Overlap/London/New York,NO TRADE,0.0,0.58391,,,,0.0,0.0,0.0,Signal is NO TRADE — no trade,,,,0.0,0.0,
2026-07-15T15:57:06+00:00,21,EURGBP,15m,London Ny Overlap/London/New York,NO TRADE,0.0,0.84728,,,,0.0,0.0,0.0,Signal is NO TRADE — no trade,,,,0.0,0.0,
2026-07-15T15:58:22+00:00,22,EURJPY,15m,London Ny Overlap/London/New York,NO TRADE,0.0,185.407,,,,0.0,0.0,0.0,Signal is NO TRADE — no trade,,,,0.0,0.0,
2026-07-15T15:59:24+00:00,23,EURCHF,15m,London Ny Overlap/London/New York,NO TRADE,0.0,0.92241,,,,0.0,0.0,0.0,Signal is NO TRADE — no trade,,,,0.0,0.0,
2026-07-15T16:01:37+00:00,24,EURAUD,15m,London Ny Overlap/London/New York,NO TRADE,0.0,1.63402,,,,0.0,0.0,0.0,Signal is NO TRADE — no trade,,,,0.0,0.0,
2026-07-15T16:02:11+00:00,25,EURUSD,15m,New York,NO TRADE,0.0,1.14354,,,,0.0,0.0,0.0,Signal is NO TRADE — no trade,,,,0.0,0.0,
2026-07-15T16:02:39+00:00,26,GBPUSD,15m,New York,NO TRADE,0.0,1.34971,,,,0.0,0.0,0.0,Signal is NO TRADE — no trade,,,,0.0,0.0,
2026-07-15T16:03:54+00:00,27,USDJPY,15m,New York,NO TRADE,0.0,162.144,,,,0.0,0.0,0.0,Signal is NO TRADE — no trade,,,,0.0,0.0,
2026-07-15T16:04:27+00:00,28,AUDUSD,15m,New York,NO TRADE,0.0,0.69956,,,,0.0,0.0,0.0,Signal is NO TRADE — no trade,,,,0.0,0.0,
2026-07-15T16:05:11+00:00,29,USDCAD,15m,New York,NO TRADE,0.0,1.40523,,,,0.0,0.0,0.0,Signal is NO TRADE — no trade,,,,0.0,0.0,
2026-07-15T16:06:06+00:00,30,XAUUSD,15m,New York,NO TRADE,0.0,4043.23,,,,0.0,0.0,0.0,Signal is NO TRADE — no trade,,,,0.0,0.0,
2026-07-15T16:50:34+00:00,1,EURUSD,15m,New York,NO TRADE,0.0,1.14381,,,,0.0,0.0,0.0,Signal is NO TRADE — no trade,,,,0.0,0.0,
2026-07-15T16:51:25+00:00,2,GBPUSD,15m,New York,NO TRADE,0.0,1.35215,,,,0.0,0.0,0.0,Signal is NO TRADE — no trade,,,,0.0,0.0,
2026-07-15T16:52:41+00:00,3,USDJPY,15m,New York,NO TRADE,0.0,162.159,,,,0.0,0.0,0.0,Signal is NO TRADE — no trade,,,,0.0,0.0,
2026-07-15T16:53:23+00:00,4,AUDUSD,15m,New York,NO TRADE,0.0,0.69927,,,,0.0,0.0,0.0,Signal is NO TRADE — no trade,,,,0.0,0.0,
2026-07-15T16:54:23+00:00,5,USDCAD,15m,New York,NO TRADE,0.0,1.40512,,,,0.0,0.0,0.0,Signal is NO TRADE — no trade,,,,0.0,0.0,
2026-07-15T16:55:29+00:00,6,XAUUSD,15m,New York,NO TRADE,0.0,4034.11,,,,0.0,0.0,0.0,Signal is NO TRADE — no trade,,,,0.0,0.0,
2026-07-15T16:56:17+00:00,7,USDCHF,15m,New York,NO TRADE,0.0,0.80711,,,,0.0,0.0,0.0,Signal is NO TRADE — no trade,,,,0.0,0.0,
2026-07-15T16:57:14+00:00,8,NZDUSD,15m,New York,NO TRADE,0.0,0.58357,,,,0.0,0.0,0.0,Signal is NO TRADE — no trade,,,,0.0,0.0,
2026-07-15T16:57:47+00:00,9,EURGBP,15m,New York,NO TRADE,0.0,0.84591,,,,0.0,0.0,0.0,Signal is NO TRADE — no trade,,,,0.0,0.0,
2026-07-15T16:58:40+00:00,10,EURJPY,15m,New York,NO TRADE,0.0,185.52,,,,0.0,0.0,0.0,Signal is NO TRADE — no trade,,,,0.0,0.0,
2026-07-15T16:59:17+00:00,11,EURCHF,15m,New York,NO TRADE,0.0,0.92343,,,,0.0,0.0,0.0,Signal is NO TRADE — no trade,,,,0.0,0.0,
2026-07-15T17:00:04+00:00,12,EURAUD,15m,New York,NO TRADE,0.0,1.63609,,,,0.0,0.0,0.0,Signal is NO TRADE — no trade,,,,0.0,0.0,
2026-07-15T17:00:42+00:00,13,EURUSD,15m,New York,NO TRADE,0.0,1.14422,,,,0.0,0.0,0.0,Signal is NO TRADE — no trade,,,,0.0,0.0,
2026-07-15T17:01:59+00:00,14,GBPUSD,15m,New York,NO TRADE,77.0,1.3532,1.35159,1.35642,,0.0,2.0,0.0,"LiveRiskManager gate: Confidence 77% < 80% (tier=1, mode=NORMAL)",,,,0.0,0.0,
2026-07-15T17:02:50+00:00,15,USDJPY,15m,New York,NO TRADE,0.0,162.127,,,,0.0,0.0,0.0,Signal is NO TRADE — no trade,,,,0.0,0.0,
2026-07-15T17:03:17+00:00,16,AUDUSD,15m,New York,NO TRADE,0.0,0.69958,,,,0.0,0.0,0.0,Signal is NO TRADE — no trade,,,,0.0,0.0,
2026-07-15T17:04:04+00:00,17,USDCAD,15m,New York,NO TRADE,0.0,1.40462,,,,0.0,0.0,0.0,Signal is NO TRADE — no trade,,,,0.0,0.0,
2026-07-15T17:04:56+00:00,18,XAUUSD,15m,New York,NO TRADE,0.0,4038.03,,,,0.0,0.0,0.0,Signal is NO TRADE — no trade,,,,0.0,0.0,
2026-07-15T17:05:38+00:00,19,USDCHF,15m,New York,NO TRADE,0.0,0.80657,,,,0.0,0.0,0.0,Signal is NO TRADE — no trade,,,,0.0,0.0,
2026-07-15T17:06:21+00:00,20,NZDUSD,15m,New York,NO TRADE,0.0,0.58402,,,,0.0,0.0,0.0,Signal is NO TRADE — no trade,,,,0.0,0.0,
2026-07-15T17:07:24+00:00,21,EURGBP,15m,New York,NO TRADE,0.0,0.84572,,,,0.0,0.0,0.0,Signal is NO TRADE — no trade,,,,0.0,0.0,
2026-07-15T17:08:46+00:00,22,EURJPY,15m,New York,NO TRADE,0.0,185.595,,,,0.0,0.0,0.0,Signal is NO TRADE — no trade,,,,0.0,0.0,
2026-07-16T06:22:15+00:00,1,EURUSD,15m,Tokyo/Sydney,NO TRADE,0.0,1.1467,,,,0.0,0.0,0.0,Signal is NO TRADE — no trade,,,,0.0,0.0,
2026-07-16T06:23:05+00:00,2,GBPUSD,15m,Tokyo/Sydney,NO TRADE,0.0,1.35355,,,,0.0,0.0,0.0,Signal is NO TRADE — no trade,,,,0.0,0.0,
2026-07-16T07:15:57+00:00,1,EURUSD,15m,London/Tokyo,NO TRADE,0.0,1.14681,,,,0.0,0.0,0.0,Signal is NO TRADE — no trade,,,,0.0,0.0,
2026-07-16T07:16:34+00:00,2,GBPUSD,15m,London/Tokyo,NO TRADE,0.0,1.35352,,,,0.0,0.0,0.0,Signal is NO TRADE — no trade,,,,0.0,0.0,
2026-07-16T08:53:42+00:00,1,EURUSD,15m,London/Tokyo,NO TRADE,0.0,1.14667,,,,0.0,0.0,0.0,Signal is NO TRADE — no trade,,,,0.0,0.0,
2026-07-16T08:54:18+00:00,2,GBPUSD,15m,London/Tokyo,NO TRADE,0.0,1.3521,,,,0.0,0.0,0.0,Signal is NO TRADE — no trade,,,,0.0,0.0,
2026-07-16T08:54:54+00:00,3,USDJPY,15m,London/Tokyo,NO TRADE,0.0,162.155,,,,0.0,0.0,0.0,Signal is NO TRADE — no trade,,,,0.0,0.0,
2026-07-16T08:55:28+00:00,4,AUDUSD,15m,London/Tokyo,NO TRADE,0.0,0.6997,,,,0.0,0.0,0.0,Signal is NO TRADE — no trade,,,,0.0,0.0,
2026-07-16T08:56:03+00:00,5,USDCAD,15m,London/Tokyo,NO TRADE,0.0,1.40456,,,,0.0,0.0,0.0,Signal is NO TRADE — no trade,,,,0.0,0.0,
2026-07-16T08:56:36+00:00,6,XAUUSD,15m,London/Tokyo,NO TRADE,0.0,4033.64,,,,0.0,0.0,0.0,Signal is NO TRADE — no trade,,,,0.0,0.0,
2026-07-16T08:57:11+00:00,7,USDCHF,15m,London/Tokyo,NO TRADE,0.0,0.80705,,,,0.0,0.0,0.0,Signal is NO TRADE — no trade,,,,0.0,0.0,
2026-07-16T08:57:54+00:00,8,NZDUSD,15m,London/Tokyo,NO TRADE,0.0,0.58491,,,,0.0,0.0,0.0,Signal is NO TRADE — no trade,,,,0.0,0.0,
2026-07-16T08:58:26+00:00,9,EURGBP,15m,London/Tokyo,NO TRADE,0.0,0.84793,,,,0.0,0.0,0.0,Signal is NO TRADE — no trade,,,,0.0,0.0,
2026-07-16T09:35:26+00:00,1,EURUSD,15m,London,NO TRADE,0.0,1.14619,,,,0.0,0.0,0.0,Signal is NO TRADE — no trade,,,,0.0,0.0,
2026-07-16T09:35:58+00:00,2,GBPUSD,15m,London,NO TRADE,0.0,1.35082,,,,0.0,0.0,0.0,Signal is NO TRADE — no trade,,,,0.0,0.0,
2026-07-16T09:36:24+00:00,3,USDJPY,15m,London,NO TRADE,0.0,162.183,,,,0.0,0.0,0.0,Signal is NO TRADE — no trade,,,,0.0,0.0,
2026-07-16T09:36:58+00:00,4,AUDUSD,15m,London,NO TRADE,0.0,0.6999,,,,0.0,0.0,0.0,Signal is NO TRADE — no trade,,,,0.0,0.0,
2026-07-16T10:10:22+00:00,1,EURUSD,15m,London,NO TRADE,73.0,1.14652,,,,0.0,0.0,0.0,Signal is NO TRADE — no trade,,,,0.0,0.0,
2026-07-16T10:10:48+00:00,2,GBPUSD,15m,London,NO TRADE,60.0,1.35076,,,,0.0,0.0,0.0,Signal is NO TRADE — no trade,,,,0.0,0.0,
2026-07-16T10:11:12+00:00,3,USDJPY,15m,London,NO TRADE,80.0,162.19,,,,0.0,0.0,0.0,Signal is NO TRADE — no trade,,,,0.0,0.0,
2026-07-16T10:11:39+00:00,4,AUDUSD,15m,London,NO TRADE,100.0,0.70009,,,,0.0,0.0,0.0,Signal is NO TRADE — no trade,,,,0.0,0.0,
